player_id,season,avg_points,avg_rebounds,avg_assists,avg_blocks,avg_steals
1,2011,23,7,2.6,0.6,0.5
1,2012,21.6,6.7,2.2,0.5,0.7
1,2013,17.3,6.8,2.5,0.7,0.7
1,2014,21.7,6.2,2.7,0.6,0.9
1,2015,17.3,5.9,1.9,0.4,0.5
1,2016,18.3,6.5,1.8,0.7,0.7
1,2017,14.2,6.5,1.5,0.7,0.6
1,2018,12,5.7,1.6,0.6,0.6
1,2019,7.3,3.1,0.7,0.4,0.2
2,2011,7.9,4.4,8.2,0.4,1.7
2,2012,6.2,4.1,5.5,0.2,1.7
2,2013,6,4.3,3.3,0.3,1.6
3,2011,15.8,1.9,4.1,0.2,1.1
3,2012,15.1,2.4,3.6,0.2,1.2
3,2013,10.1,2,2.5,0.1,0.8
3,2014,4.5,1.1,1.6,0,0.4
3,2015,7,1.6,1.9,0.2,0.9
3,2016,5.9,1.1,1.4,0.1,0.7
3,2017,4.1,1.4,1.3,0.3,0.6
3,2018,3.3,0.9,1.2,0.3,0.8
4,2011,15,4.1,1.6,0.3,1
4,2012,12,3.7,1.2,0.1,0.8
4,2013,10.4,2.9,1,0.1,0.7
4,2014,10.5,4.1,1.5,0.3,0.8
4,2015,5.9,2.5,1,0.1,0.6
4,2016,3.7,1.3,0.6,0.1,0.5
5,2011,10.1,9.4,0.4,1.1,0.5
5,2012,11.3,9.9,0.9,1.4,0.9
5,2013,10.4,10.7,0.9,1.1,0.6
5,2014,8.7,9.6,1.1,1.1,0.7
5,2015,10.3,11.5,1.1,1.2,0.6
5,2016,7.2,8.7,1,0.7,0.5
5,2017,8.4,11.5,0.6,0.5,0.7
5,2018,6.5,9.1,1.2,0.6,0.3
5,2019,3.1,5.6,0.7,0.4,0.4
5,2020,1.3,2.5,0.2,0.3,0.2
6,2011,25.6,7.3,2.9,0.6,0.9
6,2012,22.6,6.3,3.6,0.4,1.1
6,2013,28.7,6.9,2.6,0.5,0.8
6,2014,27.4,8.1,3.1,0.7,1.2
6,2015,24.2,6.6,3.1,0.4,1
6,2016,21.8,7.7,4.2,0.5,0.9
6,2017,22.4,5.9,2.9,0.5,0.8
6,2018,16.2,5.8,1.3,0.6,0.6
6,2019,13.4,5.4,0.5,0.7,0.4
6,2020,15.4,6.3,1.5,0.5,0.8
7,2011,12.6,3.6,2.4,0.4,0.5
7,2012,15.2,3.2,2.4,0.2,0.6
7,2013,16.5,3.7,3.2,0.2,0.6
7,2014,18.2,3.6,3.4,0,0.5
7,2015,13.3,3.2,1.7,0.1,0.5
7,2016,12.8,3.7,2,0.1,0.4
7,2017,8.4,2,1.3,0.1,0.3
7,2018,3.4,1.2,0.6,0.2,0.1
8,2011,16.8,2.6,5.4,0.2,1
8,2012,15,2.5,4,0.2,0.5
8,2013,8.4,1.5,2.2,0,0.5
8,2014,3.8,1.5,2.2,0.1,0.4
9,2011,5.2,1.8,0.8,0.1,0.4
9,2012,6.6,2.1,1.1,0.1,0.5
10,2011,4.5,4.6,0.5,0.4,0.4
10,2012,4.6,6,0.6,0.7,0.8
11,2011,25.5,6.4,4.6,1.1,1.5
11,2012,22.1,4.8,4.6,1.3,1.7
11,2013,21.2,5,5.1,0.8,1.9
11,2014,19,4.5,4.7,0.5,1.5
11,2015,21.5,3.5,4.8,0.3,1.2
11,2016,19,4.1,4.6,0.6,1.1
11,2017,18.3,4.5,3.8,0.7,1.4
11,2018,11.4,3.8,3.4,0.7,0.9
11,2019,15,4,4.2,0.5,0.8
12,2011,18.7,8.3,1.9,0.6,0.8
12,2012,18,7.9,1.8,0.8,0.9
12,2013,16.6,6.8,1.7,1.4,0.9
12,2014,16.2,6.6,1.1,1,1
12,2015,21.1,7,2.2,0.6,0.9
12,2016,19.1,7.4,2.4,0.6,0.7
13,2011,26.7,7.5,7,0.6,1.6
13,2012,27.1,7.9,6.2,0.8,1.9
13,2013,26.8,8,7.3,0.9,1.7
13,2014,27.1,6.9,6.3,0.3,1.6
13,2015,25.3,6,7.4,0.7,1.6
13,2016,25.3,7.4,6.8,0.6,1.4
13,2017,26.4,8.6,8.7,0.6,1.2
13,2018,27.5,8.6,9.1,0.9,1.4
13,2019,27.4,8.5,8.3,0.6,1.3
13,2020,25.3,7.8,10.2,0.5,1.2
14,2011,4.8,1.6,2,0,0.3
15,2011,5,4,0.4,0.8,0.3
16,2011,5.3,1.5,1.1,0.1,0.3
16,2012,2.9,2,0.8,0.1,0.4
16,2013,5.1,2.2,0.9,0.1,0.5
17,2011,12.8,11.1,2,2.6,0.7
17,2012,11.3,8.3,2.6,2,1
17,2013,5.8,7.7,2.1,1.7,0.6
17,2014,7.3,10,1.7,1.8,0.7
17,2015,6.3,8.1,2.7,1.7,0.6
17,2016,5.4,7,2.3,1.6,0.5
17,2017,2.9,8.1,1.8,0.9,0.5
17,2018,1.5,3.3,0.6,0.5,0.2
17,2019,3.5,5,1,0.7,0.3
18,2011,16.2,3.7,4.8,0.3,1.5
18,2012,19.1,3.4,5.5,0.3,1.6
18,2013,17.5,3.1,6.5,0.1,1.6
18,2014,15.5,3.1,7.6,0.1,1.3
18,2015,15.4,2.5,6.6,0.1,1.1
18,2016,6.9,2,3.5,0.1,0.6
18,2017,7.1,2.4,4.9,0,0.9
18,2018,5.2,2.2,3.1,0.3,0.4
19,2011,14,3.6,3.5,0.4,1
19,2012,7.5,2.9,2,0.2,0.8
19,2013,8.8,2.7,3,0.3,0.7
19,2014,5.2,2.1,1.9,0.2,0.6
19,2015,2,1,0.6,0.2,0.4
20,2011,6.7,5.3,0.9,0.4,0.9
20,2012,7.7,5.3,0.7,0.5,0.9
20,2013,6.7,4.4,0.9,0.2,0.7
20,2014,3.5,2.3,0.6,0.2,0.5
20,2015,9.9,4.9,1.6,0.3,1.2
20,2016,3.1,2.3,0.4,0.3,0.6
20,2017,6.1,2.1,0.5,0.4,1
20,2018,7.5,3,0.9,0.4,1.2
20,2019,5,1.8,0.5,0.3,0.3
20,2020,1.7,0.7,0,0,0.7
21,2011,4.3,3,0.3,1.2,0.4
21,2012,3.6,3.1,0.6,1.5,0.6
21,2013,9.8,9.5,1.2,2.8,0.7
21,2014,7.7,7.2,0.8,1.7,0.8
21,2015,7.3,6.1,0.9,1.4,1
21,2017,0.8,0.8,0,0.2,0.2
22,2011,6.4,2.1,2.5,0.1,1.1
22,2012,9.8,2.7,3.5,0.2,1.5
22,2013,8.6,2.2,3.5,0.2,1.5
22,2014,9.8,2.9,4.9,0.2,1.6
22,2015,10.2,2.6,3.8,0.1,1.5
22,2016,10.3,2.6,3.8,0.2,1.4
22,2018,7.7,2.4,3,0.2,1.2
23,2011,7.6,4.5,2.3,1,0.8
23,2012,4.8,2.4,1.3,0.5,1
23,2013,6.6,2.3,1,0.8,0.6
23,2014,4.1,1.9,0.9,0.5,0.7
24,2011,5.9,2,0.5,0.2,0.4
24,2012,3.6,1,0.4,0.2,0.3
24,2013,1.6,0.6,0.3,0.2,0.1
24,2014,4.9,1.2,0.5,0.2,0.2
24,2015,4.4,1.1,0.4,0.1,0.2
24,2016,3.7,1,0.3,0.2,0.2
24,2017,2.8,0.8,0.3,0.2,0.1
25,2011,2,3.5,0.3,1.2,0.1
25,2012,3.4,3.9,0.1,1.3,0.6
25,2013,1.4,1.9,0.2,0.7,0.2
25,2014,0.8,1.2,0.1,0.4,0.1
25,2015,1.8,1.9,0.1,1,0.2
25,2016,0.9,1.1,0.1,0.6,0.1
25,2017,1.3,1.6,0.2,0.3,0.1
26,2011,18.2,4,4.7,0.1,0.7
26,2012,18.8,3.7,3.9,0.2,0.8
26,2013,16.3,3,3.5,0.2,0.7
26,2014,15.8,3.4,2.7,0.1,0.6
26,2015,14.4,4.8,3.7,0.2,0.7
26,2016,12.2,3.6,3.9,0,0.8
26,2017,9.2,3.1,1.8,0.2,0.5
26,2018,6.8,3.1,1.5,0.1,0.3
27,2011,5.2,1.5,2,0.4,0.6
27,2012,12.6,2.4,4.9,0.6,1.6
27,2013,14.6,2.3,7.2,0.4,1.5
27,2014,16.5,2.6,6.7,0.2,1.1
27,2015,15.9,2.5,7,0.4,1.7
27,2016,15.7,2.7,5.9,0.3,1.2
27,2017,15.3,4,7.8,0.4,1.2
27,2018,14.2,3,7,0.3,1.5
27,2019,12.1,2.5,8.2,0.4,1
27,2020,10.9,2.4,5.2,0.3,0.7
28,2011,16.5,8.5,3.3,1.6,1.3
28,2012,18.8,9.6,3.9,1.7,1.4
28,2013,17.5,8.4,4.2,1.8,1.2
28,2014,16.4,6.8,3.3,1.4,1.4
28,2015,12.4,6.4,3.3,1.4,1
28,2016,6,3.5,1.6,0.9,0.6
28,2018,0.7,1.3,0,0,0
29,2011,15.3,9.3,3.5,1,0.8
29,2012,12.4,7,2.2,1.3,0.9
29,2013,17.4,10.2,3.2,1.1,1.1
29,2014,18.6,8.4,2.6,1.5,0.9
29,2015,15.2,7.2,3.2,1.3,0.9
29,2016,15.2,7.3,3.2,1.5,0.8
29,2017,14,6.8,5,1.3,0.8
29,2018,12.9,7.4,4.7,1.1,0.6
29,2019,13.6,6.7,4.2,1.3,0.9
29,2020,11.9,6.8,4,0.9,0.8
30,2011,10.4,4.8,1.4,0.4,0.5
30,2012,10.2,5.2,1.2,0.3,0.8
30,2013,7.2,3.6,1.1,0.5,0.5
30,2014,9.1,5.1,1.2,0.5,0.8
30,2015,7.4,4.9,1.3,0.5,0.9
30,2016,11.7,6.4,1.4,1,0.7
30,2017,11.2,6.6,1.4,0.7,0.8
30,2018,9.5,4.7,1.2,0.5,0.7
30,2019,10.1,5.4,1.2,0.8,0.9
30,2020,5.9,3.2,1,0.5,0.6
31,2011,2.6,1.2,1.4,0.3,1.1
31,2012,14.6,3.1,6.2,0.3,1.6
31,2013,13.4,3,6.1,0.4,1.6
31,2014,12.5,2.6,4.1,0.4,1
31,2015,11.2,2.6,4.6,0.4,1.1
31,2016,11.7,3.2,3,0.5,0.7
31,2017,14.5,3.8,5.1,0.4,1.2
31,2018,18,0,4,0,0
31,2019,9.6,2.4,3.1,0.2,0.6
32,2011,25.3,8.2,2.6,1.9,0.9
32,2012,17.5,7.8,1.1,1,0.8
32,2013,14.2,5,0.4,0.7,0.3
32,2014,11.9,4.9,0.5,0.6,0.4
32,2015,11.5,5.6,0.8,0.6,0.5
32,2016,5.8,4.3,0.5,0.8,0.3
33,2011,9.7,6.4,1.9,0.2,1
33,2012,8.8,4.2,2.6,0.3,1.2
33,2013,4.7,4.1,1.2,0.2,0.6
33,2014,2.3,2,0.7,0.1,0.3
33,2015,1.8,1,0.6,0,0.4
34,2011,4.2,3.2,1.4,1.1,0.5
34,2012,3,4.1,0.6,1,0.8
34,2013,1.9,2.3,0.5,0.5,0.3
34,2014,4.8,5.6,0.8,1.6,0.3
34,2015,0,0.5,1,0,0
35,2011,19.8,6.2,2.8,1.1,1.7
35,2012,19,6.4,2.3,0.8,1.5
35,2013,18.2,6.1,2.7,0.7,1.5
35,2014,20,6,2.9,0.8,1.3
35,2015,21.1,5.9,3.7,0.6,1
35,2016,17.2,6.5,1.7,0.7,1.4
35,2017,18.7,6.3,2.8,0.9,1.5
35,2018,11.5,5.1,1.3,0.7,0.8
35,2019,13.7,6.8,2.6,0.5,0.8
35,2020,10.8,5.4,1.7,0.5,0.5
36,2011,11.7,7,2.5,1.7,0.9
36,2012,14.6,8.9,3.1,1.9,1
36,2013,14.1,7.8,4,1.7,1
36,2014,14.6,7.2,3.6,1.3,1
36,2015,17.4,7.8,3.8,1.6,0.9
36,2016,16.6,7,3.8,1.3,1
36,2017,19.5,6.3,4.6,1.3,0.9
36,2018,17.2,8.1,4.2,1.4,0.7
36,2019,13.6,7.9,4.4,1.1,1.1
36,2020,7.5,6.3,3.3,0.9,0.8
37,2011,13.7,3,6.5,0.2,1.8
37,2012,12.7,2.5,6.5,0.2,2.2
37,2013,14.6,2.8,6.1,0.3,2.2
37,2014,17.2,2.9,6,0.2,1.5
37,2015,15.8,3,5.4,0.2,1.3
37,2016,15.3,2.9,6.1,0.3,1.2
37,2017,20.5,3.5,6.3,0.3,1.3
37,2018,17.1,2.3,4.1,0.3,1
37,2019,21.1,3.4,6.4,0.3,1.3
37,2020,14.4,3.2,4.4,0.1,0.8
38,2011,5.4,3.3,0.5,0.3,0.1
38,2012,8.8,6.2,0.8,0.5,0.4
38,2013,8.3,4.9,0.6,0.7,0.3
38,2014,6.4,3.7,0.4,0.4,0.1
38,2015,10.4,4.3,0.9,0.4,0.3
38,2016,7.1,3.3,0.8,0.5,0.3
38,2017,8.7,4.5,0.8,0.5,0.3
38,2018,7.7,2.6,0.8,0.4,0.2
39,2011,2.8,1.3,0.4,0.2,0.3
39,2012,4.2,2,0.4,0.1,0.4
39,2013,6.4,2.2,1,0.1,0.6
39,2014,6.3,1.7,1.3,0.1,0.3
39,2015,7.2,2.6,1.3,0.3,0.3
39,2018,2,1.2,0.4,0.1,0.3
39,2019,1.8,0.9,0.5,0,0.2
40,2013,14.7,2.4,3,0.3,1
40,2014,15.9,2.8,3,0.2,0.9
40,2015,11.8,2.4,2,0.3,1.1
40,2016,9.8,2.6,2,0.2,1
40,2017,15.8,3.3,4.3,0.4,0.9
40,2018,14.3,2.6,3.8,0.3,0.8
40,2019,12,2.6,2.8,0.2,0.7
40,2020,11.1,2.4,2,0.6,0.4
41,2011,9.1,9.7,1.5,1.2,0.9
41,2012,10.8,11.5,1.7,0.7,1.4
41,2013,14.1,14.4,3.4,0.6,1.5
41,2014,8.4,9.7,2.2,0.6,1.1
41,2015,9.8,6.5,1.3,0.6,0.7
41,2016,2.6,2.7,0.7,0.2,0.3
41,2017,1.3,1.9,0.7,0.2,0.2
42,2012,2.9,0.8,1.3,0,0.3
42,2013,6.8,1.3,2.4,0.1,0.3
42,2020,8.3,1,2.7,0,0.3
43,2011,7.4,3,0.6,0.1,0.6
43,2012,5.9,3.3,0.7,0.3,0.7
43,2013,10.6,5.1,1.8,0.3,1.3
43,2014,10.3,3.9,1.6,0.4,1.3
43,2015,4,2.3,0.7,0.2,0.6
43,2016,4.5,1.7,0.5,0.1,0.6
43,2017,4.5,3.4,1,0.2,0.9
44,2012,0.8,1.2,0.5,0.1,0.4
44,2013,11.7,9.4,1.3,0.9,0.7
44,2014,11.7,9.2,0.9,0.4,0.5
44,2015,8.5,8,0.5,0.7,0.4
44,2016,7.8,9,0.8,0.6,0.5
44,2017,8.1,9.2,1,1.1,0.5
44,2018,5.8,6.6,0.6,0.3,0.3
44,2019,10.9,10.2,2,0.4,0.7
44,2020,12,10.1,2.1,0.9,0.6
45,2011,8,8.2,0.5,0.2,0.5
45,2012,6,7.3,0.7,0.4,0.5
45,2013,3.9,5.4,0.5,0.2,0.4
45,2014,3.8,3.8,0.3,0.3,0.2
45,2015,4.2,4.2,0.7,0.2,0.3
45,2016,1.6,2,0.4,0.1,0.1
45,2017,1.9,2.3,0.4,0.1,0.4
45,2018,0.6,0.7,0.4,0.1,0
45,2019,2.5,2.7,0.2,0,0
45,2020,3,4,0.3,0,0
46,2012,5.5,4.8,0.6,0.7,0.4
46,2013,13.1,11.9,1.9,1,0.8
46,2014,14.2,11,1.8,0.8,1.1
46,2015,19.3,10.9,2,0.7,0.7
46,2016,18.2,8.9,2.8,1.1,0.8
46,2017,14.6,10.4,2.8,1,1
46,2018,16.5,9.2,3.4,1.1,1
46,2019,20.8,12,3.8,1.1,1
46,2020,19.6,10.9,3.6,0.8,0.9
47,2013,3.7,1.7,0.3,0.3,0.3
48,2013,7.8,3.4,0.6,0.4,0.3
48,2014,5.7,3.4,0.3,0.3,0.2
48,2015,4.9,2.1,0.6,0.3,0.2
48,2016,6.9,3.6,0.4,0.4,0.2
48,2017,2.6,1.6,0.3,0.2,0.4
49,2011,2.3,1.1,1.8,0,0.4
49,2012,2.8,1.3,1.6,0.1,0.6
49,2013,2.4,1.2,1.7,0.2,0.4
49,2014,3.7,1.8,2.6,0.2,0.7
49,2015,6.1,1.8,3.3,0.1,0.7
49,2016,12.6,4,6.5,0.3,1.1
49,2017,9.4,2.9,5.2,0.4,0.8
49,2018,10.9,2.7,4.4,0.2,0.8
49,2019,8.9,2.6,3.6,0.2,0.5
49,2020,10.9,3.2,4.9,0.4,0.9
50,2011,17.4,5.8,2.8,0.6,1
50,2012,15.3,6.5,2.9,0.7,1
50,2013,16.5,6.3,3,0.4,1.1
50,2014,16,5.7,2.9,0.1,1
50,2015,14,5.2,1.9,0.3,0.9
50,2016,12.3,6,1.9,0.4,1
50,2017,7.6,5.3,1.3,0.4,0.9
50,2018,2,0,1,0,1
50,2019,7.1,3.3,0.8,0.4,0.7
51,2012,2.6,1.3,0.3,0.1,0.3
51,2013,8.6,4,1.4,0.4,1
51,2014,13.1,4.9,2.6,0.5,1.9
51,2015,20,5.8,3.3,0.6,1.8
51,2016,20.9,5.3,4.8,0.6,1.6
51,2017,23.9,6.2,5.5,0.4,1.9
51,2018,22.2,5.3,4.9,0.4,2
51,2019,18.7,5.3,4,0.6,1.9
51,2020,19.9,6.7,6,0.6,1.8
52,2011,17.5,9.6,2.5,0.3,0.8
52,2012,15,8.5,1.9,0.4,1
52,2013,16.2,9.8,2.3,0.4,0.8
52,2014,13.7,8.3,1.6,0.3,0.7
52,2015,11.8,6.8,1.3,0.2,0.6
53,2011,10.2,2.5,4,0.2,1
53,2012,6.6,2.1,2.8,0.2,0.8
53,2013,7.7,2.6,5.2,0.4,1.1
53,2014,9.1,2.6,3.9,0.4,1.1
53,2015,5.7,1.8,2.2,0.2,0.7
53,2016,3,1.5,1.6,0,0.3
54,2011,7.1,4.9,0.3,0.7,0.4
54,2012,2.7,2.7,0.2,0.6,0.3
54,2013,2.6,3.1,0.4,0.5,0.3
54,2014,1.6,2.2,0.3,0.4,0.2
54,2015,1.2,1.7,0.1,0.2,0.2
54,2016,1.6,0.8,0,0,0
55,2011,17.5,3.1,6.6,0,1.2
55,2012,18.3,2.9,7.7,0.1,1
55,2013,20.3,3,7.6,0.1,0.8
55,2014,16.7,2.3,5.7,0.1,0.5
55,2015,14.4,1.9,4.9,0,0.6
55,2016,11.9,2.4,5.3,0.2,0.8
55,2017,10.1,1.8,4.5,0,0.5
55,2018,7.7,1.7,3.5,0,0.5
55,2019,9.5,1.5,3.7,0.1,0.4
56,2011,4.6,3.4,0.4,0.3,0.5
56,2012,9.3,5.2,1.1,0.8,0.4
56,2013,10.3,6.4,1.6,0.8,0.8
56,2014,8.2,6.2,1.5,0.5,0.5
56,2015,8.2,4.8,1.5,0.7,0.7
56,2016,5.6,3.3,0.8,0.3,0.6
56,2017,4.9,2.8,0.5,0.1,0.1
57,2012,7.9,5.1,1.1,0.4,1.3
57,2013,11.9,6,1.6,0.6,1.7
57,2014,12.8,6.2,2,0.8,1.7
57,2015,16.5,7.2,2.5,0.8,2.3
57,2016,21.2,6.8,2.6,1,1.8
57,2017,25.5,5.8,3.5,0.7,1.8
57,2018,16.2,4.7,2.3,1,2
57,2019,26.6,7.3,3.3,0.4,1.8
57,2020,27.1,7.1,4.9,0.6,1.8
58,2011,11.3,5,4.1,0.6,0.9
58,2012,6.4,4.9,3.6,0.4,0.6
58,2013,5.8,3.4,2.4,0.4,0.7
58,2014,9.1,4.1,2.8,0.4,0.6
58,2015,8.7,4.3,2.9,0.3,0.4
58,2016,6.4,3.1,2.3,0.3,0.3
58,2017,4.6,2.2,2.3,0.1,0.2
59,2011,5.1,1.9,0.3,0.1,0.3
59,2012,9.1,3.5,1.3,0.7,0.9
59,2013,10.5,3.1,1.8,0.7,1.2
59,2014,9.1,3.4,1.5,0.9,1
59,2015,11.7,4.2,2,1.1,1.2
59,2016,7.2,3.8,1.8,0.8,1
59,2017,7.3,3.3,1.8,0.8,1
59,2018,8.6,3.6,1.6,1.1,0.9
59,2019,10.3,4,1.6,0.7,0.9
59,2020,8,3.3,1.3,0.5,1.3
60,2011,4,2,2.2,0,0.5
60,2012,5.2,1.6,3.3,0,0.7
60,2013,7.3,2.9,3.8,0.1,0.8
60,2014,6.9,2.9,5.6,0.1,1
60,2015,4.3,1.7,3.6,0.1,0.5
60,2016,4.4,1.5,3.4,0.1,0.4
61,2011,18.8,10.2,3.3,1.6,0.6
61,2012,17.4,10.4,3.6,1.4,0.6
61,2013,13.7,8.6,4.1,1.2,0.5
61,2014,17.4,9.7,3.4,1.5,0.5
61,2015,18.5,11.8,2.7,1.9,0.3
61,2016,16.5,11,4.1,2,0.6
61,2017,12.4,7.8,2.3,1.1,0.4
61,2018,10.1,8,3.1,1,0.3
61,2019,3.9,4.6,1.7,0.5,0.2
62,2011,14.7,3.5,11.4,0.1,0.6
62,2012,12.5,3,10.7,0.1,0.6
62,2013,12.7,2.8,6.7,0.1,0.6
62,2014,6.8,1.9,5.7,0.1,0.5
63,2012,7.1,3.7,0.7,0.8,0.6
63,2013,4.5,2.7,0.6,0.4,0.4
63,2014,5.6,4.6,0.8,0.8,0.5
63,2015,5.4,2.6,0.7,0.3,0.4
64,2011,17.4,2.7,1.2,0.3,0.7
64,2012,14.2,2.1,0.9,0.3,0.7
64,2013,10.6,2.2,1.4,0.2,0.6
64,2014,17.9,2.6,1.5,0.2,0.7
64,2015,13.4,2.3,1,0.3,0.5
64,2016,7.3,1.8,0.6,0.1,0.4
64,2017,13.2,2.3,1,0.2,0.6
64,2018,7.3,1.6,0.5,0.1,0.5
64,2019,2.3,0.3,0.5,0.3,0
65,2011,10.5,1.9,1.2,0.1,0.5
65,2012,11.8,2.6,1.5,0.1,0.7
65,2013,9.6,1.9,2,0.1,0.6
65,2014,11.4,2.8,2.2,0.1,0.6
65,2015,9.2,2.5,1.5,0,0.5
65,2016,10.2,1.7,1.9,0,0.5
65,2017,10.5,2.4,2,0.1,0.6
65,2018,12.1,1.9,1.9,0.2,0.8
65,2019,10.5,2.5,1.7,0.1,0.4
65,2020,6.3,1.7,1.2,0,0.2
66,2011,2,0.9,1.2,0.1,0.2
66,2012,4.5,1.9,1.9,0.1,0.5
66,2013,5,1.6,1.7,0.2,0.5
66,2014,6.8,2.4,2.4,0.2,0.6
66,2015,8.5,2.6,3.1,0.3,0.8
66,2016,9.3,2.9,3.3,0.2,0.8
66,2017,7.9,3.2,3.2,0.2,1
66,2018,6.5,3.4,3.9,0.3,1.1
66,2019,6.4,2.6,3.5,0.3,0.7
67,2011,12.4,4.5,1.5,0.6,0.9
67,2012,13.9,4.6,1.4,1,1
67,2013,14.3,5.6,4.9,1.1,1.2
67,2014,13,7.5,5.1,0.7,0.9
67,2015,9.4,5.9,4.8,0.6,1.1
67,2016,14.9,6.1,5.8,0.6,0.9
67,2017,15.1,6.2,5.9,0.4,1.1
67,2018,11.6,4.8,5.5,0.4,1
67,2019,9.3,5.2,3.3,0.6,0.9
67,2020,3.6,4.5,3,0.4,0.8
68,2013,19,3.1,6.5,0.2,0.9
68,2014,20.7,3.5,5.6,0.3,0.8
68,2015,21,4.6,6.2,0.3,1.2
68,2016,25.1,4,6.8,0.4,0.9
68,2017,27,4.9,5.9,0.3,0.9
68,2018,26.9,4.5,6.6,0.4,1.1
68,2019,25.8,4.6,6.9,0.4,1.1
68,2020,30,4.3,8,0.3,1.1
69,2011,15.9,3.1,2,0.1,1.2
69,2012,13.7,3.4,1.7,0.2,1.5
69,2013,14.8,2.8,2.5,0.3,1.3
69,2014,16.4,3.5,2.4,0.2,0.9
69,2015,15.9,3.7,2.3,0.2,1.3
69,2016,12.5,3.1,1.9,0.2,1
69,2017,13.5,3.5,2.9,0.2,1.1
69,2018,12.7,3.1,2.7,0.3,1.2
69,2019,12.2,2.5,2.3,0.2,0.8
69,2020,7.4,2.5,1.4,0.1,0.6
70,2011,6.4,3.2,0.1,0.7,0.3
70,2012,5.4,3.3,0.3,0.9,0.3
70,2013,11.3,5.6,0.8,1.6,0.4
70,2014,11.1,8.5,0.9,1.7,0.3
70,2015,9.6,6.7,0.9,1.4,0.3
70,2016,10.3,7.3,1.4,1.6,0.2
70,2017,10.4,6.4,1,1.4,0.2
70,2018,11.8,4.5,1.9,0.8,0.2
70,2019,9.5,3.9,1.2,1.1,0.1
70,2020,5.4,2.4,0.7,0.7,0.2
71,2011,16.4,5.3,3,0.8,1.5
71,2012,10.3,4.6,1.5,0.4,1
71,2013,9.2,3.8,1.9,0.4,0.8
71,2014,5,2.8,0.9,0.2,0.3
71,2015,4.6,2.3,0.9,0.2,0.4
72,2012,9.5,4.8,2.1,0.5,1.2
72,2013,15.5,5.3,3.5,0.4,1
72,2014,16.6,5.5,4,0.4,1.2
72,2015,15.7,4.9,2.4,0.3,1
72,2016,13.7,4.7,2.8,0.3,0.8
72,2017,6.2,2.5,1.6,0.1,0.6
72,2018,7.9,2.5,1.9,0.3,0.5
72,2019,7.5,2.8,1.7,0.2,0.8
72,2020,2.8,1.4,0.6,0.2,0.8
73,2013,5.5,3.4,0.8,1,0.6
73,2014,12.1,6.9,1.1,1.3,0.7
73,2015,11.7,6.7,1.1,1.8,0.5
73,2016,8.7,4.2,0.8,0.8,0.5
73,2017,10.8,5.7,1.1,1,0.7
73,2019,1,2,0,0,0
74,2013,5.6,2.7,2.9,0.5,0.9
74,2014,10.2,3.5,2.7,0.4,1.4
74,2015,10.1,4.2,3.4,0.4,1.1
74,2016,9.9,3.5,3.4,0.4,1.3
74,2017,9.5,5.9,4.2,0.4,1.5
74,2018,12.2,4.1,2.9,0.5,1.7
74,2019,7.6,5,3.8,0.6,0.9
74,2020,7.9,5.2,3.6,0.5,1.1
75,2011,12.2,3.1,2.1,0.3,1.1
75,2012,16.8,4.1,3.7,0.2,1
75,2013,25.9,4.9,5.8,0.5,1.8
75,2014,25.4,4.7,6.1,0.4,1.6
75,2015,27.4,5.7,7,0.7,1.9
75,2016,29,6.1,7.5,0.6,1.7
75,2017,29.1,8.1,11.2,0.5,1.5
75,2018,30.4,5.4,8.8,0.7,1.8
75,2019,36.1,6.6,7.5,0.7,2
75,2020,34.3,6.6,7.5,0.9,1.8
76,2011,22.9,14.1,1.4,2.4,1.4
76,2012,20.6,14.5,1.9,2.1,1.5
76,2013,17.1,12.4,1.4,2.4,1.1
76,2014,18.3,12.2,1.8,1.8,0.8
76,2015,15.8,10.5,1.2,1.3,0.7
76,2016,13.7,11.8,1.4,1.6,1
76,2017,13.5,12.7,1.4,1.2,0.9
76,2018,16.6,12.5,1.3,1.6,0.6
76,2019,12.8,9.2,0.4,0.4,0.8
76,2020,7.5,7.3,0.7,1.1,0.4
77,2011,13.4,8.9,2.7,1.9,0.7
77,2012,15.4,9,2.3,1.5,0.7
77,2013,17.8,9.9,2.7,2.7,0.7
77,2014,15.1,9.7,3,1.9,0.6
77,2015,13.9,9.1,3,2,0.8
77,2016,8.6,7.3,2.7,1.3,0.8
78,2011,4.4,3.4,0.8,0.5,0.6
78,2012,4.9,4.7,0.4,1,1
78,2013,0,0.5,0,0,0
78,2014,1.2,2.4,0.6,0.2,0
79,2013,2.7,2,0.3,0.4,0.1
79,2014,3,2.7,0.6,0.1,0
79,2015,6.6,4.5,0.5,0.3,0.2
79,2016,6.3,4.7,0.6,0.6,0.3
79,2017,4.9,4.4,0.4,0.5,0.2
79,2018,6,5.4,1.1,0.6,0.3
79,2019,5.6,4.7,1.1,0.7,0.2
79,2020,11.5,5.6,1.6,0.5,0.2
80,2011,5.4,1.9,1.1,0.3,0.4
80,2012,11.8,3.5,3.1,0.6,0.8
80,2013,14.1,3.1,3,0.5,0.8
80,2014,16.2,5.1,5.2,0.5,1.4
80,2015,19.3,4.9,4.1,0.4,1.4
80,2016,19.7,5,3.7,0.3,1.2
80,2017,21.9,5.4,3.5,0.3,1
80,2018,2,1,0,0,0
80,2019,11.5,4.5,3.4,0.3,0.9
80,2020,17.5,6.7,4.1,0.4,0.7
81,2014,12.8,3,5.7,0.1,0.6
81,2015,12.8,2.7,4.3,0.2,0.9
81,2016,10.6,1.8,2.3,0.1,0.5
81,2017,5,0.8,1.8,0.1,0.2
81,2018,12.8,2,4.7,0.1,0.7
81,2019,10.9,1.7,2.7,0.1,0.6
81,2020,7.4,1.5,2.5,0.1,0.5
82,2012,7.2,2.2,0.9,0.1,0.5
82,2013,7,2.3,1.4,0.2,0.5
82,2014,14,3.3,2.7,0.2,0.9
82,2015,13.9,4.2,3,0.2,0.6
82,2016,13.3,3.5,2,0.1,0.6
82,2017,6.7,2.9,0.7,0.1,0.4
82,2018,7.7,3,1,0.1,0.6
82,2019,8.8,3.7,2,0.3,0.6
82,2020,15,4.3,2.9,0.3,0.9
83,2011,6.8,5.3,0.5,0.9,0.4
83,2012,8.8,6.5,0.7,1,0.6
83,2013,9.4,7.1,1,1.7,0.9
83,2014,13.3,8.7,1.2,1.5,1
83,2015,16,8.2,1.5,1.7,0.8
83,2016,16.4,8.1,1.5,1.5,1.2
83,2017,9.5,6.1,1.1,0.8,0.9
83,2018,12.3,7.2,1.3,1.1,0.7
83,2019,11.8,7.4,1.2,1.4,0.7
83,2020,9,9.8,1.6,0.9,0.6
84,2012,4.6,4.2,0.1,0.3,0.3
84,2013,7.2,4.3,0.4,0.5,0.4
84,2014,12.3,7.5,0.9,0.5,0.4
84,2015,15.5,8.9,0.7,0.4,0.5
84,2016,12.7,8.1,0.4,0.4,0.3
84,2017,14.3,6.7,0.9,0.5,0.4
84,2018,14.1,11,1.5,0.5,0.5
84,2019,13.7,9.8,1.7,0.4,0.5
84,2020,8.1,7.4,1,0.7,0.4
85,2013,9.2,4.1,1.2,0.2,0.6
85,2014,9.5,4,1.5,0.3,0.8
85,2015,10.1,5.5,1.4,0.2,0.7
85,2016,11.7,4.9,1.8,0.2,0.6
85,2017,19.2,5,1.5,0.2,0.8
85,2018,18.9,6.1,2,0.2,0.6
85,2019,16.4,4.7,1.5,0.2,0.6
85,2020,14.5,4.9,2.2,0.2,0.6
86,2013,2.9,3.3,0.7,0.3,0.5
86,2014,6.2,5,1.9,0.9,1.2
86,2015,11.7,8.2,3.7,1.3,1.6
86,2016,14,9.5,7.4,1.4,1.5
86,2017,10.2,7.9,7,1.4,2
86,2018,11,7.6,7.3,1.3,1.4
86,2019,7.4,7.3,6.9,1.1,1.4
86,2020,8,6.2,6.2,0.8,1.4
87,2011,18.6,3.9,5.8,0.3,1.5
87,2012,14.7,3.4,5.3,0.3,1.5
87,2013,22.9,4,6.9,0.2,1.6
87,2014,24,4.3,8.5,0.2,1.6
87,2015,23.8,4.3,7.7,0.2,2
87,2016,30.1,5.4,6.7,0.2,2.1
87,2017,25.3,4.5,6.6,0.2,1.8
87,2018,26.4,5.1,6.1,0.2,1.6
87,2019,27.3,5.3,5.2,0.4,1.3
87,2020,20.8,5.2,6.6,0.4,1
88,2011,12.5,2.4,2,0.3,0.7
88,2012,16.6,3.7,2.2,0.5,1
88,2013,18.4,3.1,2.2,0.5,0.9
88,2014,21.7,3.2,2.9,0.8,1.1
88,2015,22.1,3.8,2.1,0.6,0.8
88,2016,22.3,3.7,2.1,0.5,0.8
88,2017,20,3.8,2.5,0.5,0.8
88,2018,21.5,3.8,2.4,0.6,1.1
89,2011,14.1,8.6,2.5,0.8,1
89,2012,18.1,11,1.6,1.2,1.5
89,2013,17.1,9.9,2.7,0.7,1.4
89,2014,22.7,11.7,2.9,1.3,1.5
89,2015,24.1,12.7,3.6,1.7,1.5
89,2016,26.9,11.5,3.3,1.4,1.6
89,2017,27,11,4.6,1.3,1.4
89,2018,25.2,12.9,5.4,1.6,1.6
89,2019,16.3,8.2,3.6,1.5,1.3
90,2011,13.2,2.8,5.1,0.2,1.1
90,2012,10.4,3.1,4.8,0.2,0.8
90,2013,12,2.7,5.1,0.1,1.2
90,2014,11.4,2.4,3.7,0.2,1.2
90,2015,16.1,3.2,5.6,0.3,1.5
90,2016,14,2.3,4.3,0.1,1
90,2017,13.2,2.2,4.6,0.1,1
90,2018,12.4,2.6,5.3,0.2,1.3
90,2019,11.2,3.1,6,0.1,1.4
91,2014,8.8,2.9,1,0.2,0.5
91,2015,12.1,2.9,1.7,0.2,0.9
91,2016,7.8,2.2,1.2,0.1,0.8
91,2017,8.1,2.1,0.8,0.1,0.5
91,2018,7.5,2.5,0.9,0.3,0.7
91,2019,3.9,0.9,0.2,0.2,0.3
91,2020,10.1,2.2,0.8,0.2,0.6
92,2012,8.8,4.7,0.6,0.5,0.5
92,2013,12,5.5,0.6,0.5,0.6
92,2014,8,4.1,0.7,0.3,0.6
92,2015,8.3,2.7,0.7,0.1,0.5
92,2016,9.3,3.7,0.9,0.1,0.4
92,2017,6.1,2.6,0.6,0.1,0.3
92,2018,1,0.5,0,0,0
93,2011,20.1,4,10.3,0.2,1.2
93,2012,21,3.3,8.7,0.4,1.2
93,2013,18.9,3,7.7,0.4,1
93,2014,14.3,2.6,6.1,0.2,1.5
93,2015,13,3.5,6.6,0.3,0.9
93,2016,14.1,2.9,5.8,0.2,0.9
93,2017,11,2.3,5.6,0.1,0.5
94,2012,9.6,2,1.5,0.2,0.3
94,2013,10.7,2.3,1.6,0.1,0.7
94,2014,7.2,2.2,1,0.1,0.6
94,2015,7.4,2.8,1.1,0.1,0.8
94,2016,5,2.1,1.1,0.1,0.3
94,2017,2.9,0.8,0.4,0,0.1
95,2015,4.6,2.3,0.8,0.3,0.7
95,2016,5.9,2,1.5,0.2,0.6
95,2018,1.3,1.3,0.5,0,0
96,2014,7.4,4.4,0.9,0.8,0.7
96,2015,8.7,6.2,0.9,0.8,0.8
96,2016,9.1,7.7,2.8,1,0.8
96,2017,10.4,7.5,3.5,1.1,0.9
96,2018,7.1,5.4,1.9,1.1,0.7
96,2019,7.8,6.4,3,0.9,0.8
96,2020,7.2,5.2,2.5,0.6,0.5
97,2011,12.3,4.1,2.2,0.2,1.2
97,2012,12.5,3.9,2.4,0.2,1.5
97,2013,18.1,5.3,2.7,0.3,1.3
97,2014,14.5,4,3,0.3,0.9
97,2015,12.1,3.1,2.8,0.3,1.2
97,2016,12.4,2.8,1.7,0.3,1.1
97,2017,8.6,2.8,1.5,0.3,1
97,2018,8.3,2.9,1.8,0.1,0.9
97,2019,6.7,1.6,1.9,0.3,1
97,2020,2.8,0.8,0.5,0,0.2
98,2011,20.2,15.2,2.5,0.4,0.6
98,2012,26,13.3,2,0.5,0.9
98,2013,18.3,14,2.3,0.5,0.7
98,2014,26.1,12.5,4.4,0.5,0.8
98,2015,16.4,9.7,2.2,0.5,0.7
98,2016,16,9.9,2.4,0.5,0.8
98,2017,19,11.1,1.9,0.4,0.9
98,2018,17.6,9.3,1.7,0.4,0.7
98,2019,17,10.9,2.2,0.2,0.3
98,2020,17.6,9.8,3.2,0.3,0.6
99,2011,14,2.6,6.6,0.2,0.9
99,2012,13.2,1.9,3.1,0.1,1
99,2013,12.9,2.4,6.2,0.2,1
99,2014,9.7,2.1,4.3,0.1,0.7
99,2015,14.2,2.6,6.2,0.2,0.7
99,2016,8.2,1.8,2.4,0.1,0.3
100,2011,3.6,2.7,0.3,0.6,0.3
100,2012,5.4,4.1,0.5,1,0.3
100,2013,2.6,2.6,0.2,0.4,0.1
100,2014,9.4,6.4,0.8,1.2,0.3
100,2015,9.7,7.3,0.7,1.2,0.4
100,2016,6.3,4.4,0.4,0.8,0.3
100,2017,7.4,4.9,0.8,0.6,0.3
100,2018,4.2,3.2,0.4,0.4,0.2
101,2013,7.9,7.6,0.5,1.6,1
101,2014,13.5,13.2,0.4,1.6,1.2
101,2015,13.8,13.5,0.7,1.9,0.9
101,2016,16.2,14.8,0.8,1.4,1.5
101,2017,13.6,13.8,1.1,1.1,1.5
101,2018,15,16,3,1.6,1.5
101,2019,17.3,15.6,1.4,1.7,1.7
101,2020,17.7,15.2,2.7,1.6,1.9
102,2014,5.9,2,0.7,0.2,0.9
102,2015,12.7,3.1,1.3,0.2,1.1
102,2016,14.5,3.7,1.8,0.2,1.4
102,2017,13.8,3.3,2.5,0.2,1.2
102,2018,13.4,5.2,2.2,0.2,1.4
102,2019,11.4,2.9,1.3,0.2,0.9
102,2020,9.3,2.1,1.6,0.2,0.8
103,2012,2.4,0.9,0.2,0.1,0.1
103,2013,7.7,3.6,0.8,0.3,0.6
103,2014,9.7,3.9,1.1,0.2,0.9
103,2015,10.4,4.8,1.6,0.2,0.8
103,2016,14.1,5.1,2.5,0.3,0.8
103,2017,14,4.6,2,0.3,0.7
103,2018,13.6,5.4,1.3,0.2,0.6
103,2019,13.9,6.1,1.5,0.3,0.6
103,2020,16.7,5,1.4,0.5,0.8
104,2012,3.1,1.2,1.6,0,0.6
104,2013,5.3,2.4,1.7,0.2,0.4
104,2014,13.1,3.9,4.1,0.1,1.1
104,2015,14.5,4.2,6,0.1,0.8
104,2016,18.8,3.2,6.2,0.1,0.7
104,2017,14.5,2.2,5.2,0.1,0.7
104,2018,14.6,2.8,5.3,0.1,0.6
104,2019,15.4,2.6,4.2,0.1,0.7
104,2020,11.9,3,4.1,0.2,0.4
105,2011,9.5,6.1,0.9,0.4,0.9
105,2012,13,8.8,1.2,0.7,0.7
105,2013,13.2,7.1,1.6,0.5,0.9
105,2014,11.2,6.2,1.3,0.1,0.8
105,2015,11.5,4.8,1,0.3,0.6
105,2016,10.4,5.4,0.9,0.4,0.7
105,2017,13.1,5.9,1.7,0.3,0.7
105,2018,10.9,5.9,1.3,0.4,0.9
105,2019,6.8,4.5,0.8,0.3,0.5
105,2020,6.6,4.8,0.8,0.3,0.4
106,2011,15.9,4.1,9.8,0.1,2.4
106,2012,19.8,3.6,9.1,0.1,2.5
106,2013,16.9,3.7,9.7,0.1,2.4
106,2014,19.1,4.3,10.7,0.1,2.5
106,2015,19.1,4.6,10.2,0.2,1.9
106,2016,19.5,4.2,10,0.2,2.1
106,2017,18.1,5,9.2,0.1,2
106,2018,18.6,5.4,7.9,0.2,1.7
106,2019,15.6,4.6,8.2,0.3,2
106,2020,17.6,5,6.7,0.2,1.6
107,2011,7.1,7.2,0.5,1.8,0.5
107,2012,7.4,8.3,0.3,2,0.5
107,2013,8.8,7.2,0.3,1.4,0.6
107,2014,10.4,13.6,0.9,2.5,1
107,2015,11.5,15,0.7,2.2,1
107,2016,12.7,13.8,1.2,2.3,0.7
107,2017,12.7,13.8,1.2,1.7,0.6
107,2018,12,15.2,1.5,0.9,0.5
107,2019,11,13.1,2.3,1.1,0.6
107,2020,8.3,10,1.9,0.9,0.3
108,2011,10.1,1.9,1.7,0.1,0.5
108,2012,11.6,2.3,2.5,0.1,0.4
108,2013,14.1,2.2,3.8,0.1,0.5
108,2014,15.2,2.1,2.2,0.1,0.8
108,2015,16.4,2.1,1.8,0.1,0.5
108,2016,16.3,1.9,1.4,0.1,0.6
108,2017,15,2.2,1.4,0.2,0.7
108,2018,17.1,2.5,3,0.1,0.5
108,2019,18.1,2.4,2.7,0.2,0.4
108,2020,15.3,2.5,2,0.2,0.3
109,2011,18.9,5.4,3.3,0.6,1
109,2012,19.4,5.2,4.5,0.4,1.1
109,2013,18.6,6.3,4.8,0.4,1.1
109,2014,13.5,4.6,2.4,0.4,1.1
109,2015,11.9,4,2,0.3,0.6
109,2016,6.1,2.7,1,0.3,0.5
109,2017,3.2,1.9,0.4,0.2,0.2
110,2012,18.5,3.7,5.4,0.4,1.1
110,2013,22.5,3.7,5.9,0.4,1.5
110,2014,20.8,3.6,6.1,0.3,1.5
110,2015,21.7,3.2,5.2,0.3,1.5
110,2016,19.6,3,4.7,0.3,1.1
110,2017,25.2,3.2,5.8,0.3,1.2
110,2018,24.4,3.8,5.1,0.3,1.1
110,2019,23.8,5,6.9,0.5,1.5
110,2020,27.4,5.2,6.4,0.5,1.4
111,2011,1.7,0.5,0.4,0,0.3
111,2012,7.6,1.8,1.4,0.2,0.7
111,2013,9.2,2.2,2.1,0.4,1.3
111,2014,14.9,3.8,1.4,0.2,1.1
111,2015,13.9,3.1,1.8,0.2,1.1
111,2016,15.2,2.9,2.1,0.3,1.5
111,2017,16.3,6.1,2.2,0.2,1.2
111,2018,14.3,2.5,2,0.2,1.1
111,2019,9.9,2.8,2.4,0.3,0.7
111,2020,8.6,2.3,1.3,0.1,0.9
112,2013,5,2.4,1.2,0.2,0.8
112,2014,4.6,2.5,0.8,0.3,0.8
112,2015,7.7,3.6,1.1,0.3,0.9
112,2016,14.2,5.1,1.8,0.5,1.7
112,2017,13.9,5.8,2.2,0.3,1
112,2018,9.7,3.4,1.2,0.3,0.8
112,2019,11.9,4.8,1.7,0.4,0.8
112,2020,10.5,5.9,2.5,0.4,1.1
113,2012,11.5,2.6,4.1,0.1,0.8
113,2013,13.9,2,4,0,0.8
113,2014,20.3,2.9,6.3,0.1,1.3
113,2015,16.4,2.3,4.2,0.1,0.9
113,2016,22.2,3,6.2,0.1,1.1
113,2017,28.9,2.7,5.9,0.2,0.9
113,2018,15.2,2.1,4.8,0.1,0.5
113,2019,8.1,1.1,1.9,0.1,0.4
113,2020,12.2,1.7,3.7,0.2,0.3
114,2013,6,5.9,0.8,0.5,0.5
114,2014,13.3,8.1,1.6,0.7,0.5
114,2015,13.3,7.6,2.3,0.7,0.8
114,2016,10.3,8.3,2.3,0.6,0.9
114,2017,3.4,2.5,0.3,0.1,0.4
115,2011,9.6,6.4,1.1,1.2,0.7
115,2012,7.1,6.4,1.2,1.1,0.5
115,2013,10,7.5,1.5,1.4,1
115,2014,10.4,6.6,1.5,1.1,0.7
115,2015,9.3,6.1,1.6,0.8,0.6
115,2016,7.3,6.4,1.7,1.1,0.7
115,2017,6.5,4.6,1.8,0.8,0.6
115,2018,4.6,4.5,1.6,0.6,0.6
115,2019,3.9,2.9,1.2,0.3,0.3
116,2012,12.1,3.5,4.4,0.3,0.9
116,2013,17.7,3.5,5.7,0.4,2
116,2014,17.7,4.2,6.1,0.4,1.2
116,2015,17.3,3.5,5.1,0.5,1.4
116,2016,20.9,4.4,5.2,0.5,1.6
116,2017,23.2,3.9,5.5,0.3,1.1
116,2018,22.1,3.1,5.6,0.3,1.1
116,2019,25.6,4.4,5.9,0.4,1.2
116,2020,20.4,3.9,4.8,0.5,0.9
117,2011,7.2,5.7,1.5,0.9,0.4
117,2012,9.6,7.3,2.6,1.3,0.4
117,2013,11,7.2,2.2,1.4,0.3
117,2014,13.2,8.3,3,1.2,0.6
117,2015,5.8,3.5,1.2,0.7,0.3
117,2016,6,4.3,1.9,0.5,0.4
117,2017,6.2,3.5,1.5,0.6,0.3
118,2013,9,5.8,1.5,0.9,0.7
118,2014,7.2,5.2,0.8,0.6,0.7
118,2015,10.9,7.6,1.4,0.7,0.5
118,2016,12.7,6.4,1.3,0.4,0.4
118,2017,9.2,7,1.4,1,1
118,2018,9.2,4.1,1,0.4,0.7
118,2019,6.7,3.8,1,0.6,0.5
118,2020,2.4,2.7,0.6,0.2,0.1
119,2011,27.7,6.8,2.7,1,1.1
119,2012,28,8,3.5,1.2,1.3
119,2013,28.1,7.9,4.6,1.3,1.4
119,2014,32,7.4,5.5,0.7,1.3
119,2015,25.4,6.6,4.1,0.9,0.9
119,2016,28.2,8.2,5,1.2,1
119,2017,25.1,8.3,4.8,1.6,1.1
119,2018,26.4,6.8,5.4,1.8,0.7
119,2019,26,6.4,5.9,1.1,0.7
120,2011,10.1,8,0.5,2.4,0.5
120,2012,11.3,7.8,0.5,2.2,0.6
120,2013,9.1,4.8,0.3,2,0.4
120,2014,7,3.4,0.4,1.4,0.2
120,2015,4.6,2.7,0.1,0.9,0.1
120,2016,5.1,3.9,0.1,0.8,0.1
120,2017,6.1,3.2,0.2,0.9,0.2
120,2018,4.8,2.6,0.5,0.9,0.3
120,2019,12,7.5,0.7,2,0.6
120,2020,6.6,5.7,0.5,1.4,0.5
121,2011,21.9,4.6,8.2,0.4,1.9
121,2012,23.6,4.6,5.5,0.3,1.7
121,2013,23.2,5.2,7.4,0.3,1.8
121,2014,21.8,5.7,6.9,0.2,1.9
121,2015,28.1,7.3,8.6,0.2,2.1
121,2016,23.5,7.8,10.4,0.3,2
121,2017,31.6,10.7,10.4,0.4,1.6
121,2018,25.4,10.1,10.3,0.3,1.8
121,2019,22.9,11.1,10.7,0.5,1.9
121,2020,27.2,7.9,7,0.4,1.6
122,2014,3.3,4.1,0.5,0.7,0.5
122,2015,7.7,7.5,0.9,1.2,0.5
122,2016,8,6.7,0.8,1.1,0.5
122,2017,11.3,7.7,1.1,1,1.1
122,2018,13.9,9,1.2,1,1.2
122,2019,13.9,9.5,1.6,1,1.5
122,2020,10.9,9.3,2.3,1.1,0.8
123,2014,13.8,4.1,4.1,0.5,1.6
123,2015,17.9,4.2,4.1,0.3,1.7
123,2016,16,4.8,3.9,0.8,1.6
123,2017,15.9,4.3,2.6,0.3,1.2
123,2018,23.1,5.2,4.3,0.8,2.4
123,2019,18.8,5.6,5.2,0.3,1.7
123,2020,14.5,3.9,2.9,0.2,0.9
124,2014,1.9,2.4,0.4,0.3,0.5
124,2015,3.4,3.8,1,0.4,0.8
124,2016,4.8,3.6,0.7,0.6,0.8
124,2017,6.6,5.1,1,1,1.2
124,2018,5,4.7,1.2,0.9,1.2
124,2019,2.9,3.9,0.6,0.4,0.1
125,2017,5.9,3.6,1,0.4,0.5
125,2018,11.6,7.7,2,0.4,0.5
125,2019,14.1,9.3,2.9,0.4,0.6
125,2020,18.5,12.4,5,0.5,0.8
126,2011,4.4,4.2,0.7,0.3,0.4
126,2012,7.8,7.9,1.4,0.5,0.9
126,2013,5.9,6.5,1.5,0.2,0.7
126,2014,7.7,6.3,2.6,0.3,0.8
126,2015,8.3,6.8,2.4,0.3,1.1
126,2016,8.6,9.4,1.7,0.3,0.8
126,2017,6.1,5.9,1.9,0.5,0.8
126,2018,5.4,4.7,1.6,0.2,0.6
126,2019,3.9,3.9,1.3,0.3,0.5
127,2011,16.4,4.6,8.3,0.5,1.8
127,2012,16.3,4.5,8,0.9,1.4
127,2013,18.5,4,7.6,0.8,1.3
127,2014,19.3,4.1,8.8,0.5,1.8
127,2015,17.6,4.6,10,0.6,1.7
127,2016,19.9,4.9,10.2,0.8,1.9
127,2017,23.1,4.2,10.7,0.6,2
127,2018,19.4,3.7,9.6,1.1,1.4
127,2019,20.7,3.6,8.7,0.9,1.5
128,2013,13.9,3.8,2.4,0.5,0.9
128,2014,17.1,3.7,3.3,0.2,1
128,2015,15.3,3.8,3.1,0.3,1.2
128,2016,17.4,3.4,2.9,0.2,1
128,2017,23.1,3.1,3.5,0.3,1.1
128,2018,22.6,4.4,4.5,0.4,1.2
128,2019,25.6,5,5.5,0.7,1.5
128,2020,30.5,4.2,6.1,0.4,1.2
129,2014,2.1,1.5,0.3,0,0.2
129,2015,6,3,0.9,0.4,0.6
129,2016,11.6,5.2,1.6,0.4,1.4
129,2017,13.4,6.4,1.5,0.5,1.5
129,2018,14.7,6.4,2,0.5,1.5
129,2019,13.9,5.6,2.1,0.6,1.5
129,2020,11.9,3.4,1.8,0.4,1.1
130,2012,7.4,4.4,1,0.7,0.7
130,2013,8.2,4.8,1.3,0.8,0.9
130,2014,13.8,6,1.8,0.6,0.8
130,2015,15.3,6.2,2.3,0.5,1.2
130,2016,12,5.5,1.9,0.5,0.9
130,2017,14,6.5,1.7,0.6,1.1
130,2018,11.5,5.6,1.9,0.5,0.8
130,2019,9.4,4.6,1.4,0.4,0.6
130,2020,9.7,3.8,1.3,0.3,0.5
131,2011,10.2,7.9,0.9,1.1,0.5
131,2012,15.4,10,0.9,1.5,0.7
131,2013,11.1,8.5,1.2,1.6,0.7
131,2014,13.2,9.5,1.7,1.5,0.5
131,2015,12.2,8.7,1.2,1.3,0.6
131,2016,13.5,9.9,1.4,1.3,0.6
131,2017,10.8,10.4,1.5,0.7,0.5
131,2018,8.4,7.6,1.8,0.7,0.5
131,2019,5,5.6,1.4,0.5,0.1
132,2011,14,4,6.5,0.4,1.5
132,2012,13.5,3.3,4.5,0.3,1.6
132,2013,17.7,4.2,8,0.4,1.6
132,2014,14.3,4.2,7.9,0.4,1.6
132,2015,14.8,3.4,6.9,0.6,1.6
132,2016,16.8,3,6,0.3,1.4
132,2017,15.4,3.9,7.3,0.7,1.5
132,2018,19,4.5,6,0.8,1.5
132,2019,21.2,5,7.7,0.8,1.6
132,2020,19.1,4.8,6.7,0.8,1.6
133,2013,13.5,8.2,1,1.8,1.2
133,2014,20.8,10,1.6,2.8,1.3
133,2015,24.4,10.2,2.2,2.9,1.5
133,2016,24.3,10.3,1.9,2,1.3
133,2017,28,11.8,2.1,2.2,1.3
133,2018,28.1,11.1,2.3,2.6,1.5
133,2019,25.9,12,3.9,2.4,1.6
133,2020,26.1,9.3,3.2,2.3,1.5
134,2012,2.9,0.9,0.9,0.1,0.3
134,2013,7.8,2.2,2.7,0.3,0.7
134,2014,6.3,1.7,1.4,0.2,0.8
134,2015,2.7,0.8,0.6,0.1,0.4
134,2016,7.5,2.3,1.7,0.3,0.6
134,2017,9.6,2.1,2.2,0.4,0.7
134,2018,12.5,2.9,2.3,0.1,1
134,2019,11.9,2.4,1.9,0.2,0.8
134,2020,8.3,2.3,1.4,0.2,0.6
135,2011,10.6,4.4,11.2,0.2,2.3
135,2012,11.9,4.8,11.7,0.1,1.8
135,2013,13.7,5.6,11.1,0.2,1.8
135,2014,11.7,5.5,9.8,0.1,1.3
135,2015,8.9,5.5,7.9,0.1,1.3
135,2016,11.9,6,11.7,0.1,2
135,2017,7.8,5.1,6.7,0.2,1.4
135,2018,8.3,4,8.2,0.2,1.1
135,2019,9.2,5.3,8,0.2,1.2
135,2020,7.1,3,5,0,0.8
136,2011,8.6,4.3,1,0.2,0.8
136,2012,7.1,3.5,1,0.3,0.6
136,2013,4,2.7,0.7,0.3,0.6
136,2014,6.9,3.7,1.2,0.2,0.6
136,2015,8.9,3.9,1.5,0.1,0.5
136,2016,11.8,5.9,1.4,0.2,0.8
136,2017,5.2,3.1,1,0.1,0.6
136,2018,5.7,3.8,1,0.4,0.3
136,2019,6.3,3.2,0.7,0.3,0.6
137,2011,8.3,2.6,1.2,0.2,0.7
137,2012,11.4,2.7,1.5,0.4,1.2
137,2013,7.8,2.4,1.8,0.3,1.1
137,2014,9.6,2.4,1.5,0.4,0.8
137,2015,10.1,2.3,2,0.2,1
137,2016,9.6,2.6,1.7,0.4,1.1
137,2017,10.8,3.4,2.3,0.3,1.1
137,2018,12,2.9,2.4,0.2,1.1
137,2019,4,1.6,1.1,0.1,0.6
137,2020,4.5,1.3,0.5,0.3,0.8
138,2011,19.2,5.6,2.2,0.7,0.7
138,2012,11.5,4.4,1,0.4,0.4
138,2013,10.1,3.8,1.5,0.5,0.4
138,2014,7.9,3.1,0.8,0.4,0.4
138,2015,8.8,3.7,1.3,0.5,0.6
138,2016,12.8,4.9,0.8,0.5,0.6
138,2017,9.4,3.4,0.9,0.5,0.5
138,2018,13.2,5.6,1.7,0.6,0.5
138,2019,7,2.3,1,0.4,0.3
139,2014,10.2,1.5,0.8,0.1,0.5
139,2015,11.5,2.2,1.8,0.2,0.3
139,2016,6.4,1.7,1,0.1,0.4
139,2017,14.5,2.8,2.3,0.2,0.7
139,2018,17.5,3.9,2.7,0.2,1.1
139,2019,18.1,3.4,2.4,0.1,0.8
139,2020,15.8,3.3,1.9,0.1,0.6
140,2011,8.9,2.1,2.9,0.1,0.7
140,2012,15.6,3.9,6.3,0.2,0.7
140,2013,12.9,3.1,5.6,0.1,0.8
140,2014,9.5,2.8,4.1,0.3,0.7
140,2015,12,3.1,4.7,0.2,0.9
140,2016,12.8,4.3,7.4,0.2,1.1
140,2017,3,0,2.5,0,1
140,2018,7.5,3.1,5.6,0.1,0.6
141,2017,5.6,0.5,1.9,0,0.3
141,2018,9.5,2.5,2.7,0,0.4
141,2019,6.9,2.1,1.6,0,0.3
141,2020,5.1,1.2,1.1,0,0.3
142,2011,14.1,5.8,6.3,0.6,1.5
142,2012,12.4,6.1,5.5,0.5,1.7
142,2013,13,5.3,5.4,0.7,1.7
142,2014,9.3,4.7,4.2,0.3,1.5
142,2015,7.8,3.3,3,0.3,1.2
142,2016,7,4,3.4,0.3,1.1
142,2017,7.6,4,3.4,0.5,1
142,2018,6,3.8,3.3,0.6,0.8
142,2019,5.7,3.7,3.2,0.8,0.9
142,2020,4.6,3.7,2.4,1,0.7
143,2017,3.4,2.4,0.5,0.5,0.2
143,2018,6.5,4.4,1.6,0.6,0.3
143,2019,5,4,1.2,0.5,0.4
143,2020,6.7,4.6,1.8,0.6,0.3
144,2015,6.1,2.1,0.6,0.2,0.5
144,2016,11,3.1,0.9,0.3,0.8
144,2017,14.4,5.1,1.1,0.6,1.2
144,2018,19.6,5.1,1.3,0.6,1
144,2019,18,4,1.5,0.7,1.2
144,2020,19.8,4.2,1.5,0.5,1.2
145,2014,8.4,0.8,1,0,0
145,2015,3.7,0.7,0.5,0,0.1
145,2016,5.6,1.3,0.5,0.1,0.3
145,2017,8.2,1.5,0.7,0.1,0.3
145,2018,8.9,1.6,0.6,0.1,0.3
145,2019,6.2,1.4,0.5,0.1,0.5
145,2020,4.3,1.1,0.4,0.1,0.2
146,2015,8.9,4.3,6.5,0.2,1.7
146,2016,10.7,3.6,6.4,0.3,1.2
146,2017,12.8,4.7,6.5,0.5,1.1
146,2018,12.7,4.3,6.2,0.3,1.3
146,2019,10.6,5.2,7.6,0.4,1
146,2020,10,4.7,7.2,0.4,1.6
147,2014,2,2.4,0.1,0.4,0.1
147,2015,6.3,6.6,0.5,1.5,0.5
147,2016,9,7.6,1.2,0.8,0.5
147,2017,8,6.6,0.6,1.3,0.5
147,2018,8.5,7.5,1.2,0.9,0.4
147,2019,11.1,5.5,1.1,0.9,0.4
147,2020,8,5.8,0.9,0.9,0.4
148,2017,20.2,7.8,2.1,2.5,0.9
148,2018,22.9,11,3.2,1.8,0.6
148,2019,27.5,13.6,3.7,1.9,0.7
148,2020,23,11.6,3,1.3,0.9
149,2018,15.8,8.1,8.2,0.9,1.7
149,2019,16.9,8.8,7.7,0.8,1.4
149,2020,16.4,7.8,8,0.6,2.1
150,2011,15.3,5.7,1.7,1.3,0.7
150,2012,9.4,5.1,2.1,0.8,0.8
150,2013,13,5.1,1.3,0.3,1
150,2014,13.6,4.7,1.8,0.5,0.7
150,2015,13.9,6.1,1.7,0.4,0.7
150,2017,15.7,6.5,2,0.4,0.7
150,2018,10,5.4,2.1,0.5,0.6
150,2019,6,4.2,1.6,0.4,0.5
150,2020,5.9,4.1,1.1,0.3,0.5
151,2011,13.5,4.1,6.7,0.3,1.4
151,2012,14.3,4.5,6.6,0.3,1.6
151,2013,11.6,4.7,6.4,0.4,1.4
151,2014,17.9,4.7,7.4,0.2,1.5
151,2015,17.8,4.7,6.8,0.2,1.6
151,2016,21.2,4.7,6.4,0.4,2.1
151,2017,22.4,4.8,7,0.3,1.5
151,2018,16.2,5.6,6.9,0.2,1.1
151,2019,14.2,4.8,8.7,0.5,1.4
151,2020,19.4,5,7.5,0.4,1.4
152,2017,4.2,3.4,0.3,0.8,0.5
152,2018,7.3,4.5,2,0.5,0.8
152,2019,16.9,6.9,3.1,0.7,0.9
152,2020,22.9,7.3,3.5,0.9,1
153,2011,9.9,7.6,0.3,2.4,0.4
153,2012,9.1,7.5,0.4,3.7,0.5
153,2013,13.2,7.7,0.5,3,0.4
153,2014,15.1,8.8,1,2.7,0.5
153,2015,14.3,7.8,0.9,2.4,0.5
153,2016,12.6,6.8,0.8,1.9,0.5
153,2017,14.8,6.8,0.9,1.6,0.5
153,2018,12.6,6.3,0.8,1.3,0.4
153,2019,15,8.1,1.3,1.4,0.4
153,2020,15.4,8.2,1.4,0.8,0.5
154,2015,9,2.7,0.9,0.1,0.4
154,2016,11.2,3.2,1.3,0.1,0.4
154,2017,13.7,3.4,1.4,0.1,0.4
154,2018,14.3,3.4,1.5,0.1,0.7
154,2019,18,4.1,2,0,0.9
154,2020,20.2,4.1,2.1,0.1,0.5
155,2011,12.7,5.3,1,0.3,1.1
155,2012,12.8,5.2,1.2,0.7,1
155,2013,14.8,7.5,1.6,0.7,1.8
155,2014,17.9,6,2.3,0.5,2.1
155,2015,14.1,5.4,2.3,0.3,1.6
155,2016,15.1,9,1.8,0.5,1.5
155,2017,11,6.1,1.6,0.4,1.5
155,2018,11.8,6.3,1.9,0.4,1.7
155,2019,12.6,6.5,2.5,0.4,1.5
155,2020,10.3,4.9,1.8,0.4,1.4
156,2017,2.9,1.1,0.9,0.1,0.4
156,2018,8.6,2.4,3.2,0.3,0.9
156,2019,11,2.6,4.8,0.3,0.9
156,2020,17.6,3.8,6.6,0.3,1.9
157,2011,7.8,3.7,1.1,0.4,1
157,2012,12.1,5.6,2.4,0.6,1.6
157,2013,17.4,7.6,4.1,0.6,1.8
157,2014,21.7,6.8,3.5,0.3,1.9
157,2015,8.8,3.7,1,0.2,0.8
157,2016,23.1,7,4.1,0.4,1.9
157,2017,23.7,6.6,3.3,0.4,1.6
157,2018,21.9,5.7,3.3,0.5,2
157,2019,28,8.2,4.1,0.4,2.2
157,2020,21.5,5.7,3.9,0.4,1.4
158,2015,6.3,3,1.2,1,0.6
158,2016,9.7,4.7,1.8,1.6,0.7
158,2017,5.5,2.6,0.6,1,0.4
158,2018,8.4,3.9,0.7,1,0.4
158,2019,13.6,5.2,1,1.3,0.8
158,2020,12,3.5,1.2,0.8,0.7
159,2018,3.1,0.8,0.3,0.2,0.4
159,2019,6.9,1.9,1,0.2,0.5
159,2020,3.9,1.3,0.9,0.3,0.5
160,2019,21.2,7.8,6,0.3,1.1
160,2020,28.8,9.4,8.8,0.2,1
161,2016,14.3,7.3,1.3,1.9,0.7
161,2017,18.1,7.2,1.5,2,0.7
161,2018,22.7,6.6,1.2,2.4,0.8
161,2020,20.4,9.5,1.8,2,0.7
162,2017,4.3,2.7,0.8,0.3,0.6
162,2018,5.9,3.6,1.2,0.2,0.5
162,2019,7.5,4.8,1.2,0.4,0.9
162,2020,9.5,5.7,1.6,0.5,0.6
163,2015,3.1,1.7,0.3,0.2,0.3
163,2016,5.8,4,0.6,0.3,0.5
163,2017,6.7,4,0.6,0.5,0.8
163,2018,8.5,5.6,1.2,0.4,0.8
163,2019,10.6,5.3,1.5,0.6,0.6
163,2020,9.4,5.7,1.5,0.6,0.9
164,2015,1.5,0.5,0,0,1
164,2016,0,1,0.5,0,0
164,2017,6.8,1.4,1.5,0.1,0.5
164,2018,12.8,2.6,2.7,0.1,1.1
164,2019,7.9,1.6,0.9,0.2,0.5
164,2020,12.4,2.3,1.9,0.1,0.6
165,2020,13.5,6.1,1.8,0.2,0.8
166,2018,1.5,1.1,0.4,0.1,0.1
166,2019,10.5,6.3,1.3,0.9,0.3
166,2020,13.2,7.2,1.8,1.1,0.5
167,2019,4.8,2.8,1.5,0.1,0.4
167,2020,10.4,5.6,2.6,0.1,1.2
168,2011,10.6,3.9,1.3,0.2,1.1
168,2012,12.7,4.6,1.7,0.3,0.8
168,2013,10.9,3.1,2.6,0.1,0.9
168,2014,6.9,2.2,1.4,0.1,0.6
168,2015,7.2,3.1,1.8,0.2,1
168,2016,7.9,3.5,2.1,0.2,0.9
168,2017,6.8,3.5,1.9,0.3,0.7
168,2018,3.2,2,1.6,0.2,0.5
168,2019,4.9,2.6,1.4,0.3,0.6
168,2020,1.5,1.2,0.6,0.1,0.3
169,2017,10.2,2.8,4.2,0.2,1.1
169,2018,13,3.3,3.2,0.3,0.9
169,2019,15.6,4.5,3.2,0.2,0.7
169,2020,16.5,4.9,7.1,0.2,0.6
170,2016,10.3,5.5,0.7,1.4,0.4
170,2017,14.5,7.3,1.3,2.1,0.9
170,2018,12.7,6.4,1.3,1.8,0.6
170,2019,13.3,7.2,1.6,2.7,0.8
170,2020,12.1,6.6,1.2,2.1,0.7
171,2013,3.1,0.8,0.2,0.1,0.1
171,2014,8.5,2.4,1.5,0.3,0.7
171,2015,6.3,2.3,0.9,0.1,0.4
171,2016,8.8,3.8,1.2,0.5,0.6
171,2017,9.7,4.3,1.2,0.4,0.4
171,2018,12.9,4.1,2.3,0.4,0.8
171,2019,15.3,5.5,2.2,0.4,1.1
171,2020,12.5,4.3,2.1,0.5,1.2
172,2011,25,4.1,7.7,0.6,1
172,2012,21.8,3.4,7.9,0.7,0.9
172,2014,15.9,3.2,4.3,0.1,0.5
172,2015,17.7,3.2,4.9,0.3,0.7
172,2016,16.4,3.4,4.7,0.2,0.7
172,2017,18,3.8,4.4,0.3,0.7
172,2018,8.4,1.4,1.5,0.2,0.3
172,2019,18,2.7,4.3,0.2,0.6
172,2020,18.1,2.4,5.6,0.3,0.8
173,2014,6.8,4.4,1.9,0.8,0.8
173,2015,12.7,6.7,2.6,1,0.9
173,2016,16.9,7.7,4.3,1.4,1.2
173,2017,22.9,8.8,5.4,1.9,1.6
173,2018,26.9,10,4.8,1.4,1.5
173,2019,27.7,12.5,5.9,1.5,1.3
173,2020,29.5,13.6,5.6,1,1
174,2020,17.8,3.9,7.3,0.3,0.9
175,2016,18.3,10.5,2,1.7,0.7
175,2017,25.1,12.3,2.7,1.3,0.7
175,2018,21.3,12.3,2.4,1.4,0.8
175,2019,24.4,12.4,3.4,1.6,0.9
175,2020,26.5,10.8,4.4,1.2,0.9
176,2015,16.9,4.6,2.1,0.6,1
176,2016,20.7,3.6,2,0.6,1
176,2017,23.6,4,2.3,0.4,1
176,2018,17.7,4.4,2,0.6,1.1
176,2019,18.1,4.8,2.5,0.7,1
176,2020,21.8,5.1,3.7,1,0.8
177,2014,16.7,6.2,6.3,0.6,1.9
177,2015,14.6,5.3,6.7,0.5,1.7
177,2016,11.5,5.1,5.2,0.8,1.5
177,2017,6.6,3.4,2.5,0.5,0.8
177,2018,4.6,2.7,2.2,0.4,0.8
177,2019,4.8,2.5,2.5,0.5,0.7
177,2020,7.2,3.3,2.4,0.5,1.1
178,2011,22.5,12.1,3.8,0.5,0.8
178,2012,20.7,10.9,3.2,0.7,0.8
178,2013,18,8.3,3.7,0.6,1.2
178,2014,24.1,9.5,3.9,0.6,1.2
178,2015,21.9,7.6,5.3,0.5,0.9
178,2016,21.4,8.4,4.9,0.5,0.8
178,2017,21.6,8.1,4.9,0.4,0.9
178,2018,21.4,7.4,5.8,0.3,0.7
178,2019,24.5,7.5,5.4,0.4,0.7
178,2020,15.5,4.7,3.3,0.4,0.4
179,2011,11.7,10.4,2.2,1.5,1
179,2012,10.2,9.8,2.5,1.4,0.6
179,2013,11.9,11.1,4,2.1,1.2
179,2014,12.6,11.3,5.4,1.5,1.2
179,2015,7.2,9.6,4.7,1.1,0.7
179,2016,4.3,8.8,3.8,1,0.6
179,2017,5,8.8,2.2,0.8,0.7
179,2018,1.7,2,0.6,0.3,0.3
179,2019,7.1,5.7,2.1,0.7,0.5
179,2020,2.8,3.2,1.4,0.2,0.2
180,2014,2.3,3.4,0.2,0.9,0.2
180,2015,8.4,9.5,1.3,2.3,0.8
180,2016,9.1,11,1.5,2.2,0.7
180,2017,14,12.8,1.2,2.6,0.6
180,2018,13.5,10.7,1.4,2.3,0.8
180,2019,15.9,12.9,2,2.3,0.8
180,2020,15.1,13.5,1.5,2,0.8
181,2011,14.4,8.7,3,0.7,0.6
181,2012,6.6,4.2,1.7,0.4,0.4
181,2013,4,5.9,1.7,0.7,0.8
182,2011,14.2,1.7,3.2,0.2,0.8
182,2012,14,2,3.2,0.2,0.9
182,2013,16.5,1.7,2.5,0.2,1
182,2014,18.6,2.3,3.2,0.2,0.9
182,2015,15.8,1.9,2.5,0.2,0.9
182,2016,14.2,1.8,2.3,0.2,0.7
182,2017,12.3,1.6,2.6,0.2,0.7
182,2018,10.3,1.2,2.3,0.1,0.5
182,2019,7.9,1.3,3.6,0.2,0.5
182,2020,5,0,3,0,0
183,2011,22.3,2.9,4.4,0.3,1.3
183,2012,20.6,2.8,3.4,0.4,1.4
183,2013,17,1.8,3.3,0.2,1.1
183,2014,15.4,2.6,3.3,0.2,1.2
183,2015,13.4,2.6,3.8,0.2,0.8
183,2016,15.2,2.2,2.7,0.3,1
183,2017,16.2,2.7,2.5,0.5,0.6
183,2018,18,2.5,2.2,0.4,0.6
183,2019,16.2,2.2,1.9,0.4,0.6
183,2020,14.4,2,1.5,0.4,0.6
184,2011,13.7,2,3.4,0.2,0.6
184,2012,14.9,2.4,3.5,0.3,0.8
184,2013,14.1,2.1,3.6,0.3,1.1
184,2014,10.4,2.1,3.5,0.1,0.8
184,2015,15.5,1.9,2.1,0.1,1.1
184,2016,15.3,2.5,2.5,0.3,0.9
184,2017,17.5,2.5,3,0.2,1
184,2018,22.6,2.5,5.3,0.2,1.1
184,2019,20,3,5.4,0.1,0.8
184,2020,18.2,3.1,5.6,0.2,0.7
185,2016,3.6,1.7,0.4,0.3,0.3
185,2017,9.1,3.8,1.1,0.7,0.3
185,2018,11,4,1,0.7,0.5
185,2019,16.6,6.5,2,1.3,0.9
185,2020,18.6,7.1,1.7,1.1,0.6
186,2011,25.3,5.1,4.7,0.1,1.2
186,2012,27.9,5.4,4.6,0.3,1.2
186,2013,27.3,5.6,6,0.3,1.4
186,2014,13.8,4.3,6.3,0.2,1.2
186,2015,22.3,5.7,5.6,0.2,1.3
186,2016,17.6,3.7,2.8,0.2,0.9